id,address,city,state,zip,country,county,region
4207081,579 Snake Lane,Kinzers,Pennsylvania,17535,USA,Lancaster,
1203956,Box 56,McDavid,Florida,32568,USA,Escambia,
3711589,512 U.S. 70,Hillsborough,North Carolina,27278,USA,Orange,
23561115,,,,,,,
23211130,,,,,,,
2906687,3205 North Twyman Road,Independence,Missouri,64058,USA,Jackson,
616302,1636 S Songish St,Anaheim,California,92804,USA,Orange,
23277269,,,,,,,
616114,6745 South Washington Avenue,Whittier,California,90601,USA,Los Angeles,
11600144,1012 N 18th St,Boise,Idaho,83702,USA,Ada,
5506004,6400 Enterprise Ln,Madison,Wisconsin,53719,USA,Dane,
3200601,5730 Range Rd,Las Vegas,Nevada,89115,USA,Clark,
403709,17901 West Lundburg St,Surprise,Arizona,85388,USA,Maricopa,
23032059,,,,,,,
23671364,11 Mediterranean Dr,Benowa,,,Australia,,
21423824,,,,,,,
626696,27912 Adams Avenue,Menifee,California,92585,USA,Riverside,
2704352,P.O. Box 458,Adrian,Minnesota,56110,USA,Nobles,
24708931,Jeju educityro,Seoguipo,,,Korea (Republic),,
616268,1267 Bering Street,Placentia,California,92870,USA,Orange,
23739915,295 rue st-joseph,lévis,,G6V1G3,Canada,,
23239487,,,,,Japan,,
1203778,650 E Airport Blvd,Sanford,Florida,32773,USA,Seminole,
4207060,1912 South 16th Street,Philadelphia,Pennsylvania,19145,USA,Philadelphia,
4101986,9100 SW 135th Ave,Beaverton,Oregon,97008,USA,Washington,
5105631,3294 Britton Road,Henrico,Virginia,23231,USA,Henrico,
616716,5321 Grey Eagle Drive,Anderson,California,96007,USA,Shasta,
3502054,4001 Osuna Rd NE,Albuquerque,New Mexico,87109,USA,Bernalillo,
4819708,2001 61st Street,Galveston,Texas,77551,USA,Galveston,
4819083,618 Whirlwind Alley,Floydada,Texas,79235,USA,Floyd,
1302934,230 Cherokee Street,Thomasville,Georgia,31792,USA,Thomas,
10601266,2460 Clay Bank Road,Fairfield,California,94533,USA,Solano,
625993,6022 West Pico Boulevard,Los Angeles,California,90035,USA,Los Angeles,
22877080,,,,,,,
24749065,COURT AVE,JEFFERSONVLLE,Indiana,47130,USA,,
5103181,933 Reservoir Street,Harrisonburg,Virginia,22801,USA,Harrisonburg city,
3501094,1800 South Locust,Las Cruces,New Mexico,88001,USA,Dona Ana,
4809957,1400 Farm to Market Road 3452,Palestine,Texas,75803,USA,Anderson,
3911686,66 N. Mulberry St.,Wilmington,Ohio,45177,USA,Clinton,
3501216,1070 Green Acres Lane,Bosque Farms,New Mexico,87068,USA,Valencia,
1802190,1300 Academy Rd,Culver,Indiana,46511,USA,Marshall,
2001737,910 Oak Street,Valley Falls,Kansas,66088,USA,Jefferson,
1803399,1115 South 400 East,LaGrange,Indiana,46761,USA,LaGrange,
4811999,107 W Cates,Bridgeport,Texas,76426,USA,Wise,
11300228,1807 Memorial Dr Se,Atlanta,Georgia,30317,USA,Dekalb,
22430699,,,,,,,
13100839,10625 Calhoun Rd,Omaha,Nebraska,68112,USA,Douglas,
626849,3411 12th Avenue,Los Angeles,California,90018,USA,Los Angeles,
23807609,,,,,,,
23425504,,,,,,,
609128,12901 South Lewis Street,Garden Grove,California,92840,USA,Orange,
3606150,59 W End Ave,Brooklyn,New York,11235,USA,Kings (Brooklyn),
1712636,46 East 34th Street,Steger,Illinois,60475,USA,Will,
21089412,,,,,,,
626496,4134 Manchester Ave,Encinitas,California,92024,USA,San Diego,
4400908,317 Market Street,Warren,Rhode Island,2885,USA,Bristol,
23237929,,,,,,,
405763,2855 West Master Pieces Dr,Tucson,Arizona,85741,USA,Pima,
2706832,2120 Twin Bluff Road,Red Wing,Minnesota,55066,USA,Goodhue,
1302984,P.O. Box 1628,Hinesville,Georgia,31310,USA,Liberty,
24713738,2400 Reach Road,Williamsport,Pennsylvania,17701,USA,,
2401867,28379 Thompson Corner Road,Mechanicsville,Maryland,20659,USA,St. Mary's,
4002094,P.O. Box 976,Glenpool,Oklahoma,74033,USA,Tulsa,
3201238,14770 Chamy Dr.,Reno,Nevada,89521,USA,Washoe,
23815144,,,,,,,
624049,701 Channel Islands Drive,Camarillo,California,93012,USA,Ventura,
23342055,,,,,,,
1704498,3633 North California Avenue,Chicago,Illinois,60645,USA,Cook,
4902010,250 East 500 South,Salt Lake City,Utah,84114,USA,Salt Lake,
4811529,"177 W Klein Rd. New Braunfels, TX 78130",New Braunfels,Texas,78130,USA,Guadalupe,
10900193,305 Broadway,Norwich,Connecticut,6360,USA,New London,
1214402,Po Box 1696,Largo,Florida,33779,USA,Pinellas,
22968808,,,,,,,
1212764,Po Box 411188,Melbourne,Florida,32941,USA,Brevard,
4211225,Tennis Park Rd,McAlisterville,Pennsylvania,17049,USA,Juniata,
12200164,"2900 Westfork Drive, Suite 401",Baton Rouge,Louisiana,70827,USA,East Baton Rouge,
23349083,,,,,,,
24483479,1629 Old Omen Rd,Tyler,Texas,75701,USA,,
3605956,2301 Snyder Avenue,Brooklyn,New York,11226,USA,Kings,
22439252,,,,,,,
23050664,,,,,,,
23397361,,,,,,,
503260,Four Capitol Mall,Little Rock,Arkansas,72201,USA,Pulaski,
200926,2301 Tutor Road,Anchorage,Alaska,99508,USA,Anchorage,
2801454,11901 Road 505,Union,Mississippi,39365,USA,Newton,
21745011,,,,,,,
1712020,213 South Cumberland St,Willow Hill,Illinois,62480,USA,Jasper,
2402298,3107 Erdman Ave 09,Baltimore,Maryland,21213,USA,Baltimore city,
1706447,225 E. Nicholas Street,Carlinville,Illinois,62626,USA,Greene,
23028631,,,,,,,
4206903,1585 District Rd.,Fredonia,Pennsylvania,16124,USA,Mercer,
2205404,26 Grand Canyon Dr,New Orleans,Louisiana,70131,USA,Orleans,
501328,327 Stewart St SW,Camden,Arkansas,71701,USA,Ouachita,
4207513,406 Sumneytown Pike,North Wales,Pennsylvania,19454,USA,Montgomery,
1208144,18 Hibiscus Street,Tarpon Springs,Florida,34689,USA,Pinellas,
22099953,,,,,,,
24707982,EN1 4NP,Enfield,,,United Kingdom,,
616789,15626 Avenue 416,Orosi,California,93647,USA,Tulare,
2801175,1501 Old Fannin Road,Jackson,Mississippi,39232,USA,Rankin,
22732699,,,,,,,
4205107,1820 Susquehannock Dr,Drumore,Pennsylvania,17518,USA,Lancaster,
1207013,10502 North Dale Mabry Highway,Tampa,Florida,33618,USA,Hillsborough,
2605989,13083 Red Arrow Highway,Sawyer,Michigan,49125,USA,Berrien,
23065330,,,,,,,
5302388,510 Country Haven Loop,Pasco,Washington,99301,USA,Franklin,
23000413,,,,,,,
22558877,,,,,,,
615000,2707 Transworld Drive,Stockton,California,95206,USA,San Joaquin,
24709293,23 Commercial Road,North Hobart,,,Australia,,
1205752,8812 Lake Glona Court,Clermont,Florida,34711,USA,Lake,
24712913,"7, George",Ormstown,,,Canada,,
23471079,Sbsjselane,Dallas,,,Canada,,
616601,10133 South Airport Way,Manteca,California,95336,USA,San Joaquin,
4004271,1025 6th Avenue Northwest,Ardmore,Oklahoma,73401,USA,Carter,
23394052,,,,,,,
23787009,123,goose creek,,,United Kingdom,,
3001371,Po Box 159,Harlem,Montana,59526,USA,Blaine,
1803024,8200 West 640 North,Etna Green,Indiana,46524,USA,Kosciusko,
23146352,,,,,Japan,,
24713258,P.O. Box 455,Plattsburgh,New York,12901,USA,,
2706960,360 COLBORNE STREET 4TH FLOOR,Saint Paul,Minnesota,55106,USA,Ramsey,
4810763,510 S Austin St,Seguin,Texas,78156,USA,Guadalupe,
1706457,17428 Route 37,Johnston City,Illinois,62951,USA,Williamson,
23295479,,,,,,,
23742140,Avenida 15b calle 39,Cartago,,30701,Costa Rica,,
616792,17977 Calle Oeste,Sonora,California,95370,USA,Tuolumne,
1804565,1915 East 20th Street,Muncie,Indiana,47302,USA,Delaware,
24710636,"Holman Centre, Suite 101, 250 Water Street, Summerside, PE C1N 1B6",Summerside,,,Canada,,
3711942,650 Pee Dee Road,Southern Pines,North Carolina,28387,USA,Moore,
3407222,4293 Route 47,Leesburg,New Jersey,8327,USA,Cumberland,
4204641,47 Dutch Ln,Jackson Center,Pennsylvania,16133,USA,Mercer,
23316779,,,,,,,
1600895,833 Tyler Rd,Emmett,Idaho,83617,USA,Gem,
24711991,"Via Di Villa Lauchli, 180",Roma,,,Italy,,
631363,25 Hazel Street,Willits,California,95490,USA,Mendocino,
1710731,5641 South 73rd Avenue,Summit,Illinois,60501,USA,Cook,
615234,1610 East Elizabeth Street,Pasadena,California,91104,USA,Los Angeles,
12700584,3724 Bemidji Ave N,Bemidji,Minnesota,56601,USA,Beltrami,
23335810,,,,,,,
23211053,,,,,,,
24698775,HACIENDA EL ROSARIO,MEXICO,,,Mexico,,
24707480,,,,,Zambia,,
1706442,900 West Edgar Ave,Effingham,Illinois,62401,USA,Effingham,
5502856,Po Box 430,Frederic,Wisconsin,54837,USA,Polk,
1206980,4401 Georgetown Dr,Jacksonville,Florida,32210,USA,Duval,
1213450,3601 Davie Blvd.,Fort Lauderdale,Florida,33312,USA,Broward,
4214740,315 Central Avenue,Malvern,Pennsylvania,19355,USA,Chester,
631349,406 East Alvarado Street,Pomona,California,91767,USA,Los Angeles,
23523766,2 Mattar Rd,singapore,,,Singapore,,
102229,4040 Memorial Parkway S W,Huntsville,Alabama,35502,USA,Madison,
1712053,3335 West Washington Boulevard,Chicago,Illinois,60624,USA,Cook,
2905612,18701 Old Hwy 66 Route 1,Pacific,Missouri,63069,USA,St. Louis,
4207281,1440 Mahantongo St,Pottsville,Pennsylvania,17901,USA,Schuylkill,
626001,32112 Crystalaire Drive,Llano,California,93544,USA,Los Angeles,
14801272,P O Box 1643,San Marcos,Texas,78667,USA,Hays,
3801120,600 E. Boulevard Avenue,Bismarck,North Dakota,58505,USA,Burleigh,
613741,5255 1st St,Empire,California,95319,USA,Stanislaus,
23782643,71 Sunset Blvd.,Whitecourt,,T7S1N1,Canada,,
4206961,2274 Pine Rd.,Gratz,Pennsylvania,17241,USA,Cumberland,
3617872,2728 Kings Highway,Brooklyn,New York,11229,USA,Kings,
2204579,Po Box 139,Saint Martinville,Louisiana,70582,USA,St. Martin,
4824779,1001 Woodcreek Drive,College Station,Texas,77845,USA,Brazos,
623962,1321 La Cueva Way,Sacramento,California,95831,USA,Sacramento,
4206660,653 Meeting House Road,New Holland,Pennsylvania,17557,USA,Lancaster,
4807525,306 E 15th St,Houston,Texas,77008,USA,Harris,
1208073,1030 W Kaley Street,Orlando,Florida,32805,USA,Orange,
5401060,437 Drummond St,Morgantown,West Virginia,26505,USA,Monongalia,
4103199,2101 5th Street,Tillamook,Oregon,97141,USA,Tillamook,
625868,1242 Easley Drive,Clayton,California,94517,USA,Contra Costa,
5502970,E19355 Sieg Rd,Augusta,Wisconsin,54722,USA,Eau Claire,
3608145,241-15 North Conduit Avenue,Rosedale,New York,11422,USA,Queens,
23742420,169 rue David Sud,Saint-Amable,,J0L1N0,Canada,,
23411332,,,,,,,
1903372,400 E 14th St,Des Moines,Iowa,50319,USA,Polk,
23762470,Mihzar 2,Dubai,,3545,United Arab Emirates,,
12600052,9501 Pettys Road,Lakeland,Michigan,48143,USA,Livingston,
1100571,3400 Martin Luther King,Washington,District of Columbia,20032,USA,District of Columbia,
21165161,,,,,,,
24710198,"PO Box 4430 Stn Forces, 54 Tamarac Crescent",Cold Lake,,,Canada,,
2506149,70 North Summer Street,Holyoke,Massachusetts,1040,USA,Hampden,
617140,2017 Central Avenue,Alameda,California,94501,USA,Alameda,
2609073,608 W. Allegan Street,Lansing,Michigan,48909,USA,Ingham,
1208175,P.O. Box 9668,Coral Springs,Florida,33075,USA,Broward,
22906366,,,,,,,
21672697,,,,,,,
23166422,,,,,Japan,,
24436680,test,test,Wyoming,82002,USA,,
22790392,,,,,,,
4104105,Po Box 368,Marylhurst,Oregon,97036,USA,Clackamas,
21748551,,,,,,,
4207066,504 Cooley Rd,Montgomery,Pennsylvania,17752,USA,Lycoming,
4204422,324 Bartville Rd,Kirkwood,Pennsylvania,17536,USA,Lancaster,
615878,6737 Diablo View Trail,Placerville,California,95667,USA,El Dorado,
17325204,,,,,,,
615962,26245 Hatmor Drive,Calabasas,California,91302,USA,Los Angeles,
1710427,1405 Madison Street,Maywood,Illinois,60153,USA,Cook,
3406992,350 Rike Drive,Millstone,New Jersey,8535,USA,Monmouth,
2300812,10 East Main Street,Paris,Maine,4281,USA,Oxford,
17835240,,,,,,,
23375521,,,,,,,
24545293,,,,,,,
24781246,"119, chemin Lily Pad Lake, C.P. 1109",Ignace,,,Canada,,
4705340,649 Rushmeade Rd,Jackson,Tennessee,38305,USA,Madison,
101558,406 Governors Drive Southeast,Huntsville,Alabama,35801,USA,Madison,
631324,2911 West Temple Street,Los Angeles,California,90026,USA,Los Angeles,
1712268,998 Corporate Boulevard,Aurora,Illinois,60502,USA,Kane,
615186,9050 McGurrin Rd,Oakland,California,94605,USA,Alameda,
18145584,36-38 Kensington Park Road,London,,,United Kingdom,,
34656,,,,,,,
901805,63 Prospect Street,Waterbury,Connecticut,6702,USA,New Haven,
23346540,,,,,,,
22994970,,,,,,,
4810978,301 S Schultz Dr,El Paso,Texas,79907,USA,El Paso,
10402548,6000 E 14th St,Tucson,Arizona,85711,USA,Pima,
3607341,Po Box 486,Cedarhurst,New York,11516,USA,Nassau,
625949,7227 Jordan Avenue,Canoga Park,California,91303,USA,Los Angeles,
3602581,,,,,,,
1000400,22 Peoples Plaza,Newark,Delaware,19702,USA,New Castle,
1205452,Po Box 1348,Wauchula,Florida,33873,USA,Hardee,
23294057,,,,,,,
1710576,24049 Nightingale Ct,,Illinois,60585,USA,Will,
2201162,702 North Cherry Street,Hammond,Louisiana,70401,USA,Tangipahoa,
4204858,113 Rynear Rd,Christiana,Pennsylvania,17509,USA,Lancaster,
21222053,,,,,,,
3617964,1524 Route 9,Clifton Park,New York,12065,USA,Saratoga,
23683999,264888ekngjbujnr,hn,,,Honduras,,
24709603,新金桥路1598 号,Shanghai,,,China,,
4504171,1168 Cherry Rd,Rock Hill,South Carolina,29732,USA,York,
626335,3924 Picardy Place Court,San Jose,California,95121,USA,Santa Clara,
22912983,,,,,,,
24708577,1111 Las Gallinas Avenue,San Rafael,California,94913,USA,,
2405123,1460 Berger Street,Odenton,Maryland,21113,USA,Anne Arundel,
3001063,1019 Big Meadows Road,Proctor,Montana,59929,USA,Lake,
23175164,,,,,,,
4702299,1151 Natchez Trace Road,Camden,Tennessee,38320,USA,Benton,
1802511,9915 West Hepton Road,Nappanee,Indiana,46550,USA,Kosciusko,
626869,13440 Crewe Street,Los Angeles,California,91405,USA,Los Angeles,
403666,I-40 and US 191,Sanders,Arizona,86512,USA,Apache,
1705980,115 High St,Bradford,Illinois,61421,USA,Stark,
406030,8000 U.S. 89,Flagstaff,Arizona,86004,USA,Coconino,
5302582,3800 South Othello Street,Seattle,Washington,98118,USA,King,
22929207,,,,,,,
1710204,1001 N Crosby St,Chicago,Illinois,60610,USA,Cook,
1710521,7100 South South Shore Drive,Chicago,Illinois,60649,USA,Cook,
23392866,,,,,,,
1706575,204 Main St,Chana,Illinois,61015,USA,Ogle,
22373261,,,,,,,
626092,2a Liberty,Aliso Viejo,California,92656,USA,Orange,
23253505,,,,,,,
23199789,,,,,,,
1208346,Po Box 360,Worthington Springs,Florida,32697,USA,Union,
3404651,6192 Harding Hwy,Mays Landing,New Jersey,8330,USA,Atlantic,
24713498,190 Neal Dr,Richmond Hill,,,Canada,,
4812365,715 W Adoue St,Alvin,Texas,77511,USA,Brazoria,
11100092,5000 14th Street NW,Washington,District of Columbia,20011,USA,District of Columbia,
4501588,Po Box 1057,North,South Carolina,29112,USA,Orangeburg,
3701814,50 Main St,Bryson City,North Carolina,28713,USA,Swain,
22991300,,,,,,,
23166383,,,,,,,
4807986,535 E Bell Avenue,Rockdale,Texas,76567,USA,Milam,
4206901,895 Brier Lane,Jersey Shore,Pennsylvania,17740,USA,Lycoming,
4810720,300 Main St,Wolfforth,Texas,79382,USA,Lubbock,
631258,1917 South Chestnut Avenue,Fresno,California,93702,USA,Fresno,
4211218,106 Schoolhouse Ln,Rebersburg,Pennsylvania,16872,USA,Centre,
626280,9445 Farnham Street,San Diego,California,92123,USA,San Diego,
1705204,1550 Plainfield Road,Joliet,Illinois,60435,USA,Will,
4211752,564 W Park Ave,Titusville,Pennsylvania,16354,USA,Crawford,
615157,942 7th Street,Wasco,California,93280,USA,Kern,
1206673,1041 45th Street,West Palm Beach,Florida,33407,USA,Palm Beach,
4811992,4205 W. Broadway,Pearland,Texas,77581,USA,Brazoria,
23691669,Aydinevler Mahallesi Inonu Caddesi Gökce Sokak No:1,Istanbul,,,,,
22742104,,,,,,,
1213284,4281 Palm Avenue,West Palm Beach,Florida,33406,USA,Palm Beach,
11100128,4600 Livingston Rd SE,Washington,District of Columbia,20032,USA,District of Columbia,
631279,19568 Ventura Boulevard,Los Angeles,California,91356,USA,Los Angeles,
23807208,,,,,,,
616314,31501 Avenida Los Cerritos,San Juan Capistrano,California,92675,USA,Orange,
23267991,,,,,,,
615932,5313 Sara Jane,Bakersfield,California,93313,USA,Kern,
23442532,,,,,,,
4204195,Rr 2 Leesburg Station Rd,New Wilmington,Pennsylvania,16142,USA,Mercer,
1218666,154 NW 5th Ave.,Delray Beach,Florida,33444,USA,Palm Beach,
1802403,2475 East 1000 South,Geneva,Indiana,46740,USA,Adams,
503348,800 Ridgeway St,Hot Springs,Arkansas,71913,USA,Arkansas,
2402305,3400 Norman Ave.,Baltimore,Maryland,21213,USA,Baltimore city,
610288,2448 Country Club Boulevard,Stockton,California,95204,USA,San Joaquin,
22987649,,,,,,,
4702422,1050 Ray Hixson Rd,Dunlap,Tennessee,37327,USA,Bledsoe,
23316700,,,,,,,
1207662,765 E Saint Johns Ave,Hastings,Florida,32145,USA,,
5502646,224 Butternut Street,West Bend,Wisconsin,53095,USA,Washington,
616381,17355 Mc Allister Street,Riverside,California,92503,USA,Riverside,
24708508,,,,,Canada,,
17030472,,,,,,,
4101886,8955 SW Commercial St,Tigard,Oregon,97223,USA,Washington,
23410091,,,,,,,
626015,5340 Topanga Canyon Boulevard,Woodland Hills,California,91364,USA,Los Angeles,
623809,3001 Pico Avenue,Clovis,California,93619,USA,Fresno,
5506014,1199 N US Highway 51,Poynette,Wisconsin,53955,USA,Columbia,
4204861,5141 Produce Road,Port Trevorton,Pennsylvania,17864,USA,Snyder,
612207,33525 Ponnay,Daggett,California,92327,USA,San Bernardino,
3707970,1408 Walker Ave,Greensboro,North Carolina,27412,USA,Guilford,
3604490,4 Parsons Avenue,Hoosick Falls,New York,12090,USA,Rensselaer,
4206228,428 Municipal Rd,Millersburg,Pennsylvania,17061,USA,Dauphin,
4206622,610 E Brubaker Valley Road,Ephrata,Pennsylvania,17522,USA,Lancaster,
503339,P.O. Box 409,De Queen,Arkansas,71832,USA,Sevier,
23807752,,,,,,,
12300433,39a Union St,Calais,Maine,4619,USA,Washington,
3300621,35 Eckerd,Stewartstown,New Hampshire,3576,USA,Coos,
22997250,,,,,,,
5103370,15 Pine Road,Fredericksburg,Virginia,22405,USA,Stafford,
5503039,8009 Olson Drive,Eau Claire,Wisconsin,54703,USA,Eau Claire,
23424817,,,,,,,
616597,259 Judson Avenue,San Francisco,California,94112,USA,San Francisco,
626311,810 Monte Rosa Drive,Menlo Park,California,94025,USA,San Mateo,
24708092,,,,,Singapore,,
23382250,,,,,,,
3300607,7 Knight Road,Jaffrey,New Hampshire,3452,USA,Cheshire,
22409609,,,,,,,
631544,315 Rome Street,San Francisco,California,94112,USA,San Francisco,
1302059,713 Mennonite School Road,Montezuma,Georgia,31063,USA,Macon,
23357066,65 Somerville Road,Yarraville,,3013,,,
1803369,2656 South 100 East,Monroe,Indiana,46772,USA,Adams,
802203,705 So. 12th St,Montrose,Colorado,81401,USA,Montrose,
2802757,P.O. Box 771,Jackson,Mississippi,39205,USA,Hinds,
20836253,,,,,,,
802468,P.O. Box 563,Franktown,Colorado,80116,USA,Douglas,
23143534,,,,,,,
1203733,7801 Lone Star Road,Jacksonville,Florida,32211,USA,Duval,
1214641,100 Aero Lane,Sanford,Florida,32771,USA,Seminole,
23001259,,,,,,,
611402,2432 East 18th Street,National City,California,91950,USA,San Diego,
23138032,,,,,,,
23151173,,,,,,,
23809786,,,,,,,
23423011,,,,,,,
15100214,C/O Secep Circle East Bldg,Norfolk,Virginia,23502,USA,Norfolk City,
23660906,,,,,,,
5503684,8350 N Steven Rd,Milwaukee,Wisconsin,53223,USA,Milwaukee,
1803034,Po Box 4788,Gary,Indiana,46407,USA,Lake,
24783497,"Jl Irian Jaya Barat No. 5, Kuala Kencana",Timika,,,Indonesia,,
24710739,"PO Box 21, 102 Argyle Street, Alexander Manitoba R0K 0A0",Alexander,,,Canada,,
23538178,,,,,,,
23181114,,,,,,,
4204854,180 Smithville Rd,New Providence,Pennsylvania,17560,USA,Lancaster,
23780475,1501,macon,,78579,Canada,,
23558245,"Martorell i Penya, 9",Barcelona,,,Spain,,
4820082,"1400 W. Mayfield Road, Bldg 350",Arlington,Texas,76015,USA,Tarrant,
2402250,1040 Singerly Road,Elkton,Maryland,21921,USA,Cecil,
4204603,401 Allen Street,Allentown,Pennsylvania,18104,USA,Lehigh,
3801096,1234 Education Dr,Wimbledon,North Dakota,58492,USA,Barnes,
3608533,823 Eastern Parkway,Brooklyn,New York,11213,USA,Kings,
23351529,,,,,,,
17473778,19 Maltravers Rd.,Melbourne,,3079,Australia,,
631445,31421 Twilight Vista Drive,Menifee,California,92584,USA,Riverside,
1802149,4950 West 500 South,Topeka,Indiana,46571,USA,LaGrange,
608828,2280 Kenwood Avenue,San Jose,California,95128,USA,Santa Clara,
4400462,182 Thurbers Ave,Providence,Rhode Island,2905,USA,Providence,
3104351,1208 21st,Sidney,Nebraska,69162,USA,Cheyenne,
23683560,2747 rue Adolphe,Ste-Julienne,,,Canada,,
23375515,,,,,,,
612378,201 Memorial Drive,Weaverville,California,96093,USA,Trinity,
3403166,324 34th Street,Union City,New Jersey,7087,USA,Hudson,
23542741,500 Cecil Road,Orange,,,Australia,,
23335950,,,,,,,
22735228,,,,,,,
23466727,4 Downing Street,Halifax,,,Canada,,
21589514,,,,,,,
23397793,,,,,,,
23122300,,,,,,,
631480,814 Alpine Street,Upland,California,91786,USA,San Bernardino,
4808446,301 Ilfrey Avenue,Baytown,Texas,77520,USA,Harris,
616117,37841 Lasker Avenue,Palmdale,California,93550,USA,Los Angeles,
901300,60 Hillard Street,Manchester,Connecticut,6042,USA,Hartford,
4214711,417 West Frederick Street,Lancaster,Pennsylvania,17603,USA,Lancaster,
5503780,33557 State Highway 64,Holcombe,Wisconsin,54745,USA,Chippewa,
901716,91 Woodmont Road,Milford,Connecticut,6460,USA,New Haven,
1205718,2490 SE Melaleuca Blvd,Port St. Lucie,Florida,34952,USA,St. Lucie,
631417,6550 Fairmont Boulevard,Yorba Linda,California,92886,USA,Orange,
23289997,,,,,,,
2505351,444 Green Street,Gardner,Massachusetts,1440,USA,Worcester,
623903,1250 North Lakeview Avenue,Anaheim,California,92832,USA,Orange,
4702312,802 South Church Street,Murfreesboro,Tennessee,37130,USA,Rutherford,
24439736,,,,,,,
1701915,6148 Center Grove Rd,Edwardsville,Illinois,62025,USA,Madison,
23772257,"663,maurice",repentigny,,j6a2m8,Canada,,
24703006,596,LIMURU,,,Kenya,,
5105642,546 Walnut Grove Drive,Jarratt,Virginia,23867,USA,Greensville,
4002092,428 Eastside Blvd,Muskogee,Oklahoma,74403,USA,Muskogee,
631524,1081 7th Street,Imperial Beach,California,91932,USA,San Diego,
1802483,2182 North Industrial Drive,Bloomington,Indiana,47404,USA,Monroe,
20019294,,,,,,,
405710,1801 East Fir St,Cottonwood,Arizona,86326,USA,Yavapai,
2705771,40394 570th Avenue,Mountain Lake,Minnesota,56159,USA,Cottonwood,
3702478,Po Box 307,Stanley,North Carolina,28164,USA,Gaston,
23295113,,,,,,,
1802908,7021 Hohman Avenue,Hammond,Indiana,46324,USA,Lake,
10402301,1185 South 4th Ave,Yuma,Arizona,85364,USA,Yuma,
623944,33310 Windmill Road,Wildomar,California,92595,USA,Riverside,
4206923,2110 Rockvale Road,Strasburg,Pennsylvania,17579,USA,Lancaster,
23447092,,,,,,,
4501712,3585 Center Circle Drive,Fort Mill,South Carolina,29715,USA,York,
23335819,,,,,,,
4501904,4980 Dorchester Road,Charleston,South Carolina,29418,USA,Charleston,
3403830,1941 Holland Brook Road West,Branchburg,New Jersey,8876,USA,Somerset,
23722151,9304 Camden Field Parkway,Riverview,Florida,33587,USA,,
1206914,3800 N. Nebraska Ave.,Tampa,Florida,33603,USA,Hillsborough,
2701453,2777 34th St S,Moorhead,Minnesota,56560,USA,Clay,
3614326,83 Main Street,Brewster,New York,10509,USA,Putnam,
21433826,,,,,,,
20578274,,,,,,,
1803175,416 E Ridge Rd,Gary,Indiana,46408,USA,Lake,
3608866,76 Rutledge,Brooklyn,New York,11211,USA,Kings (Brooklyn),
2705563,518 Friberg Ave,Fergus Falls,Minnesota,56537,USA,Otter Tail,
3501134,Box 429,Carrizozo,New Mexico,88301,USA,Lincoln,
626259,1835a South Centre City Parkway,Escondido,California,92025,USA,San Diego,
4211119,232 Wanner Rd Left Side,Ephrata,Pennsylvania,17522,USA,Lancaster,
24710940,"Serafin Peña sn, Chula Vista",Guadalupe,,,Mexico,,
5503858,1109 Mendota St,Madison,Wisconsin,53714,USA,Dane,
1213224,18680 NE 75 St. Cr 335,Williston,Florida,32696,USA,Levy,
24711466,"511 Union St, Kingston, ON K7M 5R7, Canada",Ontario,,,Canada,,
1214579,1480 South Military Trail,West Palm Beach,Florida,33415,USA,Palm Beach,
23209448,,,,,Japan,,
403645,3200 West Discovery Park Blvd,Safford,Arizona,85546,USA,Graham,
24707054,500 AV DU MONT-CASSIN,MONTREAL,,,Canada,,
23705172,365 Fan Hill Rd,Monroe,CT,6468,,,
2404156,200 West Baltimore Street,Baltimore,Maryland,21201,USA,Baltimore city,
4701857,Buffalo Rd,Ethridge,Tennessee,38456,USA,Lawrence,
5303981,3621 S. Fancher Road,Spokane,Washington,99223,USA,Spokane,
24709053,13 Jakarta B st. BF Northwest Vill. BF home,Paranaque City,,,Korea (Republic),,
3617902,423 Valley Drive,Syracuse,New York,13207,USA,Onondaga,
1802419,72015 County Road 100,Nappanee,Indiana,46550,USA,Elkhart,
1208243,4750 Timpochee Lane,Niceville,Florida,32578,USA,Okaloosa,
623930,27912 Adams Avenue,Romoland,California,92585,USA,Riverside,
23395806,,,,,,,
1712118,19407 U.S. 150,Bloomington,Illinois,61705,USA,McLean,
616622,1185 Dawn Road,Nipomo,California,93444,USA,San Luis Obispo,
23368818,,,,,,,
4101535,4515 Parkview Dr (P.O. Box 2318),Lake Oswego,Oregon,97035,USA,Clackamas,
10402528,9965 West Calle Lejos,Peoria,Arizona,85383,USA,Maricopa,
5503486,N2173 Market Rd,Sheldon,Wisconsin,54766,USA,Rusk,
21595422,,,,,,,
4214877,PO Box 338,Merion Station,Pennsylvania,19066,USA,Montgomery,
16599807,,,,,,,
23302085,,,,,,,
22808468,,,,,,,
3909592,220 S Main St,New Carlisle,Ohio,45344,USA,Clark,
2400166,2501 Seabury Rd,Baltimore,Maryland,21225,USA,Baltimore City,
23712951,4700 Jeddah,THUWAL,,,Saudi Arabia,,
24714141,4180 Kelly Farm,Gloucester,,,Canada,,
4206578,Rr 2,Christiana,Pennsylvania,17509,USA,Lancaster,
4214715,6610 Delta Road,Delta,Pennsylvania,17314,USA,York,
10402578,3025 N Winstel Blvd,Tucson,Arizona,85716,USA,Pima,
616471,6269 Berne Place,Wrightwood,California,92397,USA,San Bernardino,
22981371,,,,,,,
23813413,,,,,,,
2702721,627 5th Ave.,Duluth,Minnesota,55616,USA,Lake,
23807630,,,,,,,
626371,112 East Beach Street,Watsonville,California,95076,USA,Santa Cruz,
4104182,5384 NE Duniway Rd.,Dayton,Oregon,97114,USA,Yamhill,
12700837,5300 France Avenue South,Edina,Minnesota,55410,USA,Hennepin,
625881,3029 Longview Road,Antioch,California,94509,USA,Contra Costa,
1308725,3980 North Henry Blvd,Stockbridge,Georgia,30281,USA,Henry,
12601046,7000 Outer Drive,Detroit,Michigan,48235,USA,Wayne,
610883,745 10th Street,Colusa,California,95932,USA,Colusa,
23758173,"Phase 2 Al Jaddaf Dubai,, Dubai;",Dubai,,505002,United Arab Emirates,,
4101868,4740 Wendover St,Eugene,Oregon,97404,USA,Lane,
4206932,1064 West Kings Hwy.,Coatesville,Pennsylvania,19320,USA,Chester,
23376970,,,,,,,
3608551,3909 15th Ave,Brooklyn,New York,11218,USA,Kings (Brooklyn),
4902535,970 South 1025 West,Brigham City,Utah,84302,USA,Box Elder,
1306807,116 Peachtree Court,Fayetteville,Georgia,30215,USA,Fayette,
402889,6629 W Clarendon Ave,Phoenix,Arizona,85033,USA,Maricopa,
1204429,6620 Arlington Expressway,Jacksonville,Florida,32211,USA,Duval,
3613029,220 Bennett Ave,New York,New York,10040,USA,New York,
24698919,21 test st,test,New York,11377,USA,,
1802331,1121 West 500 South,Berne,Indiana,46711,USA,Adams,
405482,3045 Arapaho Drive,Lake Havasu City,Arizona,86406,USA,Mohave,
3613197,Po Box 300,Crompond,New York,10517,USA,Westchester,
2105115,6902 Wolf Pen Branch Rd,Prospect,Kentucky,40059,USA,Jefferson,
2300983,9A Beaver Street,Belfast,Maine,4915,USA,Waldo,
5503807,507 Church St,Wausaukee,Wisconsin,54177,USA,Marinette,
4807816,P.O. Box 150413,Austin,Texas,78715,USA,Travis,
21732757,,,,,,,
10402781,4645 E Marilyn Rd,Phoenix,Arizona,85032,USA,Maricopa,
2704047,2520 E 12th Ave,North St. Paul,Minnesota,55109,USA,Ramsey,
2606306,1750 Baldwin Ave,Pontiac,Michigan,48340,USA,Oakland,
1213434,3896 West Commercial Boulevard,Tamarac,Florida,33309,USA,Broward,
5401605,100 1st Ave,Nitro,West Virginia,25143,USA,Kanawha,
1208088,1109 W Grant Street,Plant City,Florida,33563,USA,Hillsborough,
2404062,1615 N Patterson Park Ave,Baltimore,Maryland,21213,USA,Baltimore city,
21233012,,,,,,,
24216696,10807 Stacy Run,Spotsylvania,Virginia,22408,USA,,
3200546,5000 Edna Avenue,Las Vegas,Nevada,89146,USA,Clark,
5503763,1021 Hillcrest Hts,Green Bay,Wisconsin,54313,USA,Brown,
2300823,Po Box 787,Ellsworth,Maine,4605,USA,Hancock,
24705969,"95 SAINTE CATHERINE RUE, S",Saint-Constant,,,Canada,,
20094097,,,,,,,
5303855,283 E Reata Rd,Kennewick,Washington,99338,USA,Benton,